dataset_id,shape,KMeans,KMedoids,Agglomerative,DBSCAN,HDBSCAN,best_algorithm
blobs_000,blobs,1.0,1.0,1.0,0.415117059214686,1.0,KMeans
blobs_001,blobs,0.9778745718405638,1.0,0.9260003702936789,0.7117051609509037,0.7096343093184303,KMedoids
blobs_002,blobs,1.0,0.9813597381432995,0.9907330706474314,0.0,0.13486209481740383,KMeans
blobs_003,blobs,0.9958158950130768,0.9958158950130768,1.0,0.0,1.0,Agglomerative
blobs_004,blobs,1.0,1.0,1.0,1.0,1.0,KMeans
blobs_005,blobs,1.0,1.0,1.0,0.0,1.0,KMeans
blobs_006,blobs,1.0,1.0,1.0,1.0,1.0,KMeans
blobs_007,blobs,1.0,1.0,1.0,1.0,1.0,KMeans
blobs_008,blobs,1.0,1.0,1.0,0.2379994586745403,1.0,KMeans
blobs_009,blobs,1.0,1.0,1.0,0.7821132423025612,1.0,KMeans
blobs_010,blobs,0.9348255381283131,0.9334877873378828,0.9031461065785847,0.35857458281110943,0.7029670575496527,KMeans
blobs_011,blobs,0.9006299747074689,0.8645705225073592,0.8619553334628139,0.0,0.5613475966550244,KMeans
blobs_012,blobs,1.0,1.0,1.0,0.0,1.0,KMeans
blobs_013,blobs,0.5434036910839418,0.4906416047219131,0.5044021399413373,0.0,0.24945980070656487,KMeans
blobs_014,blobs,1.0,1.0,1.0,0.78155075922695,0.78155075922695,KMeans
blobs_015,blobs,1.0,1.0,1.0,1.0,1.0,KMeans
blobs_016,blobs,1.0,1.0,0.9912571725749499,0.7141512394101035,0.7141512394101035,KMeans
blobs_017,blobs,1.0,1.0,1.0,1.0,1.0,KMeans
blobs_018,blobs,1.0,1.0,1.0,1.0,1.0,KMeans
blobs_019,blobs,1.0,1.0,0.986738813636255,0.4742047494403386,0.4779248218853504,KMeans
blobs_020,blobs,1.0,1.0,1.0,1.0,1.0,KMeans
blobs_021,blobs,1.0,1.0,0.9964887990461623,0.4826900413232713,0.9965105984474815,KMeans
blobs_022,blobs,0.9874736335165102,0.9874736335165102,1.0,1.0,1.0,Agglomerative
blobs_023,blobs,1.0,1.0,1.0,1.0,1.0,KMeans
blobs_024,blobs,1.0,1.0,1.0,0.7774825049038965,1.0,KMeans
blobs_025,blobs,0.9522268462834047,0.928909776362119,0.9827652640323525,0.0,0.20330023707105238,Agglomerative
blobs_026,blobs,1.0,1.0,1.0,0.7141595525463644,1.0,KMeans
blobs_027,blobs,0.9958110151013833,0.9958110151013833,0.9916483839268728,0.10195677684398496,0.41287840579262486,KMeans
blobs_028,blobs,1.0,1.0,1.0,0.0,0.9864212179718044,KMeans
blobs_029,blobs,1.0,1.0,1.0,1.0,1.0,KMeans
blobs_030,blobs,1.0,1.0,1.0,1.0,1.0,KMeans
blobs_031,blobs,0.9928221516025671,0.9928221516025671,0.9928221516025671,0.7134597581211929,0.7134597581211929,KMeans
blobs_032,blobs,1.0,1.0,1.0,1.0,1.0,KMeans
blobs_033,blobs,0.8682088542063531,0.8908555365420675,0.8565660651742006,0.0,0.9133578999320823,HDBSCAN
blobs_034,blobs,1.0,1.0,1.0,1.0,1.0,KMeans
blobs_035,blobs,1.0,1.0,1.0,1.0,1.0,KMeans
blobs_036,blobs,1.0,1.0,1.0,0.3680031920806315,0.45271867106037467,KMeans
blobs_037,blobs,1.0,1.0,1.0,1.0,1.0,KMeans
blobs_038,blobs,1.0,1.0,0.976067642892844,0.0,1.0,KMeans
blobs_039,blobs,1.0,1.0,1.0,1.0,1.0,KMeans
blobs_040,blobs,1.0,1.0,1.0,1.0,1.0,KMeans
blobs_041,blobs,0.9919192002643823,0.9919192002643823,0.9919192002643823,0.0,0.9956663011217677,HDBSCAN
blobs_042,blobs,0.8281892046566203,0.8196269834510571,0.7880349398717584,0.20243264529762023,0.20243264529762023,KMeans
blobs_043,blobs,0.8112960510555929,0.7914603198124344,0.7914603198124344,0.3257626905225608,0.7136773430079566,KMeans
blobs_044,blobs,1.0,1.0,1.0,1.0,1.0,KMeans
blobs_045,blobs,0.9665991126460609,0.9665991126460609,0.8309685499159594,0.0,0.989664104989545,HDBSCAN
blobs_046,blobs,0.69368829128633,0.69158476065881,0.6733039762080466,0.35560877303572525,0.3606141335006064,KMeans
blobs_047,blobs,0.9939852322033381,0.9939852322033381,0.9939852322033381,0.9939852322033381,0.9940166745882615,HDBSCAN
blobs_048,blobs,1.0,1.0,1.0,1.0,1.0,KMeans
blobs_049,blobs,1.0,1.0,0.977358246982302,1.0,1.0,KMeans
blobs_050,blobs,1.0,1.0,1.0,0.8483884526101365,0.9952835023943708,KMeans
blobs_051,blobs,1.0,1.0,1.0,1.0,1.0,KMeans
blobs_052,blobs,1.0,1.0,1.0,1.0,1.0,KMeans
blobs_053,blobs,0.8470739573441046,0.8819184683254306,0.9628792717244773,0.0,1.0,HDBSCAN
blobs_054,blobs,0.9954873499177297,0.9954873499177297,0.9954873499177297,0.7824037706205813,1.0,HDBSCAN
blobs_055,blobs,1.0,1.0,1.0,1.0,1.0,KMeans
blobs_056,blobs,1.0,1.0,1.0,1.0,1.0,KMeans
blobs_057,blobs,1.0,1.0,1.0,0.815984567667751,0.815984567667751,KMeans
blobs_058,blobs,1.0,1.0,1.0,1.0,1.0,KMeans
blobs_059,blobs,0.7023443340155145,0.713119088907747,0.7096120008350482,0.32623688155922037,0.0,KMedoids
blobs_060,blobs,1.0,1.0,1.0,1.0,1.0,KMeans
blobs_061,blobs,1.0,1.0,1.0,1.0,1.0,KMeans
blobs_062,blobs,1.0,1.0,1.0,1.0,1.0,KMeans
blobs_063,blobs,1.0,0.995571923088059,0.9911926308985133,0.6826757595740917,0.8102845106643471,KMeans
blobs_064,blobs,0.979142609714177,0.9832254406673021,0.9751026225885739,0.8216875520989319,0.8216875520989319,KMedoids
blobs_065,blobs,1.0,1.0,1.0,1.0,1.0,KMeans
blobs_066,blobs,1.0,1.0,1.0,0.7811359903896322,1.0,KMeans
blobs_067,blobs,1.0,0.9864259180574078,1.0,0.570873786407767,0.5708661417322834,KMeans
blobs_068,blobs,1.0,1.0,1.0,0.0,1.0,KMeans
blobs_069,blobs,0.9974823664542013,0.9974823664542013,0.9974823664542013,0.7813533961349602,1.0,HDBSCAN
blobs_070,blobs,1.0,1.0,1.0,1.0,1.0,KMeans
blobs_071,blobs,1.0,1.0,1.0,1.0,1.0,KMeans
blobs_072,blobs,0.9777800284133955,0.9777800284133955,0.9777800284133955,0.0,0.986767971517187,HDBSCAN
blobs_073,blobs,0.784464056093514,0.786106037323422,0.7838884542012725,0.0,0.3109078203279761,KMedoids
blobs_074,blobs,0.9832528728186284,0.972191099037288,0.9943859069933172,0.0,0.3294167048004949,Agglomerative
blobs_075,blobs,1.0,1.0,1.0,0.3728566001917708,0.9944963054483651,KMeans
blobs_076,blobs,0.9835053157568292,0.9835061198750541,0.9740178878031779,0.849387093873187,0.8455250374445428,KMedoids
blobs_077,blobs,0.7101797428038947,0.7148825224510955,0.6837173395463843,0.711864406779661,0.711868197029658,KMedoids
blobs_078,blobs,1.0,1.0,1.0,1.0,1.0,KMeans
blobs_079,blobs,0.9138430706237796,0.9030876293737905,0.9099786573787905,0.8207876404672778,0.8158953607378093,KMeans
blobs_080,blobs,1.0,0.9967297238590305,0.9967297238590305,0.10164210119635277,0.8269531095620173,KMeans
blobs_081,blobs,1.0,0.991369800663027,1.0,0.3330863379015835,1.0,KMeans
blobs_082,blobs,1.0,1.0,1.0,0.5694540428472702,1.0,KMeans
blobs_083,blobs,0.5551914998358621,0.5637925425925626,0.47945670026075227,0.0,0.2986941184891869,KMedoids
blobs_084,blobs,0.9490494603477696,0.9458971485360836,0.9255875759376325,0.4145033407530265,0.4145033407530265,KMeans
blobs_085,blobs,0.9746563785581258,0.9787869302823501,0.9871601035579686,0.7824126268320181,0.7824126268320181,Agglomerative
blobs_086,blobs,1.0,1.0,1.0,1.0,0.820062915287455,KMeans
blobs_087,blobs,0.9680812233696974,0.961985135435824,0.9451679119796371,0.8198442820852723,0.82521025477701,KMeans
blobs_088,blobs,1.0,1.0,1.0,1.0,1.0,KMeans
blobs_089,blobs,0.8118496444434824,0.8402586850168938,0.34610533539836963,0.0,0.9106495917703713,HDBSCAN
blobs_090,blobs,0.8097686556429495,0.8195444324561597,0.7725913079111327,0.0,0.10201683787433947,KMedoids
blobs_091,blobs,0.9910123556559585,0.9852483598155646,0.993976628035094,0.23861408735106834,0.23861408735106834,Agglomerative
blobs_092,blobs,0.6975401221279084,0.7224200438706413,0.6833083612651226,0.20317768830433514,0.494088936675853,KMedoids
blobs_093,blobs,1.0,1.0,1.0,1.0,1.0,KMeans
blobs_094,blobs,1.0,1.0,1.0,1.0,1.0,KMeans
blobs_095,blobs,1.0,1.0,1.0,1.0,1.0,KMeans
blobs_096,blobs,0.994993734414455,0.9850188441027381,0.994993734414455,0.0,1.0,HDBSCAN
blobs_097,blobs,1.0,0.9866444802917319,1.0,0.14117100700911783,0.8259851613149064,KMeans
blobs_098,blobs,1.0,1.0,1.0,1.0,1.0,KMeans
blobs_099,blobs,0.9693669519355989,0.9650296579602382,0.5538094876121911,0.0,0.9948253509472377,HDBSCAN
anisotropic_000,anisotropic,0.9003768674280136,0.8912324708414171,0.8588074032419828,0.3325102880658436,0.3347094066177643,KMeans
anisotropic_001,anisotropic,1.0,1.0,1.0,1.0,1.0,KMeans
anisotropic_002,anisotropic,0.9892650171626619,0.9892650171626619,0.9892650171626619,0.3727878939828606,0.7516424062350258,KMeans
anisotropic_003,anisotropic,1.0,1.0,1.0,1.0,1.0,KMeans
anisotropic_004,anisotropic,1.0,1.0,1.0,1.0,1.0,KMeans
anisotropic_005,anisotropic,0.9810594084151633,0.9810594084151633,0.976383479917442,0.5718256673834373,0.9903815956897674,HDBSCAN
anisotropic_006,anisotropic,1.0,1.0,0.9861599985835791,0.8505998726499804,0.8505998726499804,KMeans
anisotropic_007,anisotropic,0.928827046745254,0.9235978578045895,0.8941432409154979,0.14119719002735198,0.14216115066196183,KMeans
anisotropic_008,anisotropic,1.0,1.0,1.0,1.0,1.0,KMeans
anisotropic_009,anisotropic,0.8357987697425935,0.8252007826679246,0.8295951699135128,0.0,0.8204510999896919,KMeans
anisotropic_010,anisotropic,0.796940439872093,0.8456002678848558,0.9070124819394012,0.5704673404619757,0.5700557395589304,Agglomerative
anisotropic_011,anisotropic,1.0,1.0,1.0,0.8178583937031098,0.8178583937031098,KMeans
anisotropic_012,anisotropic,0.4817750583191375,0.6977050088938156,0.503935092843999,0.0,0.48770424162403037,KMedoids
anisotropic_013,anisotropic,0.9946236214413953,0.9839580471222703,1.0,1.0,1.0,Agglomerative
anisotropic_014,anisotropic,1.0,1.0,1.0,0.5463249541147387,1.0,KMeans
anisotropic_015,anisotropic,0.9865745053654293,0.9892830293647702,0.9972987606401331,0.0,0.7422730474821171,Agglomerative
anisotropic_016,anisotropic,0.7150234902891558,0.7112421545645353,0.7270639775855152,0.3610848262067698,0.7176058242443668,Agglomerative
anisotropic_017,anisotropic,0.6189000039801379,0.6241476771631034,0.6476799389103395,0.0,0.6924656093559177,HDBSCAN
anisotropic_018,anisotropic,1.0,1.0,1.0,1.0,1.0,KMeans
anisotropic_019,anisotropic,1.0,1.0,1.0,1.0,1.0,KMeans
anisotropic_020,anisotropic,0.8593023055367742,0.8444619807658051,0.7630352326125815,0.20603907637655416,0.20603907637655416,KMeans
anisotropic_021,anisotropic,0.8410233185860692,0.8506556535630402,0.9205977799695089,0.0,0.5658581247359402,Agglomerative
anisotropic_022,anisotropic,0.7941806794292897,0.7890885652305601,0.7868444044611805,0.4819268301597164,0.7883711358356776,KMeans
anisotropic_023,anisotropic,1.0,1.0,1.0,1.0,1.0,KMeans
anisotropic_024,anisotropic,1.0,1.0,1.0,1.0,1.0,KMeans
anisotropic_025,anisotropic,0.9692397513102516,0.9725116114932797,0.9861475785855588,0.0,0.5712744143744546,Agglomerative
anisotropic_026,anisotropic,0.8145123916438305,0.8340740259748527,0.9058456491077451,0.0,0.53374901437978,Agglomerative
anisotropic_027,anisotropic,0.561649004888873,0.561649004888873,0.580147740939527,0.12262338951593758,0.12253242504132325,Agglomerative
anisotropic_028,anisotropic,0.8833499501495513,0.8833499501495513,0.8672390420244013,0.36585365853658536,0.3649445320330716,KMeans
anisotropic_029,anisotropic,0.997281139125223,0.997281139125223,0.9945770867540987,0.781047297304733,0.781047297304733,KMeans
anisotropic_030,anisotropic,0.9946381000879538,0.9946381000879538,1.0,0.5718638735694345,1.0,Agglomerative
anisotropic_031,anisotropic,1.0,1.0,1.0,1.0,1.0,KMeans
anisotropic_032,anisotropic,0.9928992750379656,0.9787032173711031,0.9859260083621444,0.13892703672529128,0.577103849895553,KMeans
anisotropic_033,anisotropic,0.9623819438854105,0.9622052417173051,0.9837441486405077,0.0,0.9854566034499046,HDBSCAN
anisotropic_034,anisotropic,0.9902545905296044,0.9967408968874236,1.0,0.5708955223880597,1.0,Agglomerative
anisotropic_035,anisotropic,1.0,1.0,1.0,1.0,1.0,KMeans
anisotropic_036,anisotropic,1.0,1.0,1.0,1.0,1.0,KMeans
anisotropic_037,anisotropic,0.9941903901285262,0.9941903901285262,1.0,0.49836065573770494,1.0,Agglomerative
anisotropic_038,anisotropic,0.3948636599205431,0.4209565371189659,0.40567529956486936,0.0,0.3149836869567426,KMedoids
anisotropic_039,anisotropic,1.0,1.0,1.0,1.0,1.0,KMeans
anisotropic_040,anisotropic,1.0,1.0,1.0,0.56926795974472,1.0,KMeans
anisotropic_041,anisotropic,1.0,1.0,1.0,1.0,1.0,KMeans
anisotropic_042,anisotropic,0.9877797895743107,1.0,1.0,1.0,1.0,KMedoids
anisotropic_043,anisotropic,0.988006489232735,0.9840343023593104,1.0,0.0,0.6328590532528079,Agglomerative
anisotropic_044,anisotropic,1.0,1.0,1.0,1.0,1.0,KMeans
anisotropic_045,anisotropic,0.9703911540539416,0.970439666394835,0.982945064036799,0.14175654853620956,0.14175654853620956,Agglomerative
anisotropic_046,anisotropic,0.9926029957689907,0.9889355735031962,0.996291137934592,0.7141153081510935,0.7127480676382243,Agglomerative
anisotropic_047,anisotropic,1.0,1.0,1.0,1.0,1.0,KMeans
anisotropic_048,anisotropic,0.9936591390641458,0.9936591390641458,0.9753527111206239,0.3318685188118541,1.0,HDBSCAN
anisotropic_049,anisotropic,0.9789944943467378,0.9789944943467378,0.9749318910555574,0.6822814918692209,0.6822814918692209,KMeans
anisotropic_050,anisotropic,1.0,1.0,1.0,1.0,1.0,KMeans
anisotropic_051,anisotropic,1.0,1.0,1.0,1.0,1.0,KMeans
anisotropic_052,anisotropic,0.5732915892753099,0.611127441198203,0.5549739379579425,0.0,0.3074976320855599,KMedoids
anisotropic_053,anisotropic,0.5035361833130094,0.4873036581929985,0.47567349972342565,0.0,0.6005457816146877,HDBSCAN
anisotropic_054,anisotropic,0.9973863014219952,0.9921998499356152,1.0,0.0,0.6139015556015546,Agglomerative
anisotropic_055,anisotropic,0.8896560564334586,0.8976087845034936,0.905596856199542,0.0,0.9500958617495692,HDBSCAN
anisotropic_056,anisotropic,0.9415123122986373,0.9409882389097728,0.9760848645663104,0.0,0.6978144340097076,Agglomerative
anisotropic_057,anisotropic,0.5766473159162812,0.655665030109994,0.5150960141995032,0.0,0.5726832824329785,KMedoids
anisotropic_058,anisotropic,1.0,1.0,1.0,1.0,1.0,KMeans
anisotropic_059,anisotropic,1.0,1.0,1.0,0.7831395735838463,0.7831395735838463,KMeans
anisotropic_060,anisotropic,1.0,1.0,1.0,1.0,1.0,KMeans
anisotropic_061,anisotropic,0.996803405170393,0.996803405170393,1.0,0.5709057639524245,0.5709057639524245,Agglomerative
anisotropic_062,anisotropic,1.0,1.0,1.0,1.0,1.0,KMeans
anisotropic_063,anisotropic,0.8591228924185683,0.8572002124205546,0.7991920393952292,0.21006800743821033,0.21006800743821033,KMeans
anisotropic_064,anisotropic,1.0,1.0,1.0,1.0,1.0,KMeans
anisotropic_065,anisotropic,0.5633831291341808,0.6039977701058631,0.33017812219727555,0.0,0.19254828400662038,KMedoids
anisotropic_066,anisotropic,1.0,1.0,0.9922379690554722,0.5701559020044543,1.0,KMeans
anisotropic_067,anisotropic,0.9335975681692491,0.9367387121666824,0.8699360606686329,0.3325102880658436,0.3325102880658436,KMedoids
anisotropic_068,anisotropic,0.995604412302387,0.9912283167863127,1.0,0.0,0.5717969987180453,Agglomerative
anisotropic_069,anisotropic,0.402513603875424,0.44862567757396654,0.27783887023961107,0.0,0.6082298670983809,HDBSCAN
anisotropic_070,anisotropic,0.8597926629465144,0.8629469425924654,0.8355058450278987,0.5712777191129884,0.5694742732430158,KMedoids
anisotropic_071,anisotropic,0.9448302469135802,0.9267128710325078,0.9267128710325078,0.0,0.30655474560457874,KMeans
anisotropic_072,anisotropic,0.047348850444964306,0.04737421374569036,0.03144746584834839,0.00013760152333844937,0.896804576312,HDBSCAN
anisotropic_073,anisotropic,1.0,0.9797982719241659,1.0,0.0,1.0,KMeans
anisotropic_074,anisotropic,0.9584811710614637,0.9560491113545131,1.0,1.0,1.0,Agglomerative
anisotropic_075,anisotropic,1.0,1.0,1.0,1.0,1.0,KMeans
anisotropic_076,anisotropic,0.9104562207301652,0.8781587193100348,0.8989738107987141,0.6798001469995161,0.6704562581032347,KMeans
anisotropic_077,anisotropic,1.0,1.0,1.0,1.0,1.0,KMeans
anisotropic_078,anisotropic,1.0,1.0,1.0,0.5708333333333333,1.0,KMeans
anisotropic_079,anisotropic,0.8340720041713431,0.8162684579597652,0.8279560658864678,0.0,0.30555751915807666,KMeans
anisotropic_080,anisotropic,1.0,1.0,1.0,1.0,1.0,KMeans
anisotropic_081,anisotropic,0.8698876365233672,0.9060248134861976,0.8413122573869668,0.0,0.588008213687004,KMedoids
anisotropic_082,anisotropic,0.966190979809156,0.9635106638770318,0.9611216989505946,0.0,0.9969112161216531,HDBSCAN
anisotropic_083,anisotropic,1.0,1.0,1.0,1.0,1.0,KMeans
anisotropic_084,anisotropic,1.0,1.0,1.0,1.0,1.0,KMeans
anisotropic_085,anisotropic,1.0,1.0,1.0,0.0,1.0,KMeans
anisotropic_086,anisotropic,1.0,1.0,1.0,0.0,1.0,KMeans
anisotropic_087,anisotropic,1.0,1.0,1.0,1.0,1.0,KMeans
anisotropic_088,anisotropic,0.9603796566583568,0.980126537045885,0.9318417337833411,0.4737348940037163,1.0,HDBSCAN
anisotropic_089,anisotropic,0.958328848290695,0.9613388286461397,0.8996435203412686,0.5683199379170095,0.5690935125922338,KMedoids
anisotropic_090,anisotropic,0.9842319691404062,0.9842181046921221,0.9894531636683183,0.0,1.0,HDBSCAN
anisotropic_091,anisotropic,1.0,1.0,1.0,1.0,1.0,KMeans
anisotropic_092,anisotropic,0.9218490874089806,0.8965033296609991,0.9735976492259112,0.0,1.0,HDBSCAN
anisotropic_093,anisotropic,1.0,0.9905551348086669,0.9968366839733085,0.0,0.6962813224146162,KMeans
anisotropic_094,anisotropic,1.0,1.0,1.0,1.0,1.0,KMeans
anisotropic_095,anisotropic,0.7668901445778511,0.7844302928877505,0.6607546162200922,0.0,0.6975012441713639,KMedoids
anisotropic_096,anisotropic,1.0,1.0,1.0,1.0,1.0,KMeans
anisotropic_097,anisotropic,0.8944325185159075,0.927057859212636,0.9382834634024457,0.0,0.9812905678789708,HDBSCAN
anisotropic_098,anisotropic,0.9907119852772027,0.9907119852772027,0.9907119852772027,0.5687642604411229,0.9905453869498522,KMeans
anisotropic_099,anisotropic,1.0,1.0,1.0,1.0,1.0,KMeans
varied_variance_000,varied_variance,1.0,1.0,1.0,0.0,0.7283304525835756,KMeans
varied_variance_001,varied_variance,0.9795505144351196,0.9836235279485271,1.0,0.0,1.0,Agglomerative
varied_variance_002,varied_variance,1.0,1.0,1.0,1.0,1.0,KMeans
varied_variance_003,varied_variance,0.8818668649963627,0.890338368454515,0.9726022852089111,0.20970727371809897,0.823879772680642,Agglomerative
varied_variance_004,varied_variance,0.9844794305827044,0.9640550591253917,0.9846659798187665,0.4816719780626992,1.0,HDBSCAN
varied_variance_005,varied_variance,1.0,1.0,0.9932488444778949,0.49809402795425667,1.0,KMeans
varied_variance_006,varied_variance,0.9631725817145969,0.9631748734882972,0.9736378768984,0.0,0.6143436652851136,Agglomerative
varied_variance_007,varied_variance,0.9416327827768748,0.8353002449591421,0.9424995284336288,0.0,0.7617636075063019,Agglomerative
varied_variance_008,varied_variance,0.6605573857024438,0.6605937229786012,0.5811805984681577,0.0,0.3604676034508192,KMedoids
varied_variance_009,varied_variance,0.943099427164639,0.7463239751294619,1.0,0.0,0.0,Agglomerative
varied_variance_010,varied_variance,1.0,1.0,1.0,0.2378892733564014,1.0,KMeans
varied_variance_011,varied_variance,0.9960911969409258,0.9960911969409258,1.0,0.5712688652878704,1.0,Agglomerative
varied_variance_012,varied_variance,1.0,1.0,1.0,1.0,1.0,KMeans
varied_variance_013,varied_variance,1.0,1.0,1.0,1.0,1.0,KMeans
varied_variance_014,varied_variance,1.0,0.9844968774700308,1.0,0.5726740163291665,0.5792811111152114,KMeans
varied_variance_015,varied_variance,0.8950957734896712,0.8966480887450599,0.9323852169525731,0.0,0.6742723288702049,Agglomerative
varied_variance_016,varied_variance,1.0,1.0,1.0,0.0,1.0,KMeans
varied_variance_017,varied_variance,0.9289948368633223,0.9289948368633223,0.937666580392436,0.23782703488372092,0.9379369042400189,HDBSCAN
varied_variance_018,varied_variance,1.0,1.0,1.0,0.8213473470055838,0.8210007305847908,KMeans
varied_variance_019,varied_variance,1.0,1.0,1.0,1.0,1.0,KMeans
varied_variance_020,varied_variance,0.9142038795069024,0.9316078211235657,0.9633503416714699,0.14199029126213591,0.7866232483214488,Agglomerative
varied_variance_021,varied_variance,1.0,1.0,1.0,1.0,1.0,KMeans
varied_variance_022,varied_variance,0.8614314126304599,0.875467785321026,0.7900845102485603,0.2360919141979679,0.4921411183079682,KMedoids
varied_variance_023,varied_variance,1.0,0.993442732782217,1.0,0.6805922539907049,0.6842564118812657,KMeans
varied_variance_024,varied_variance,0.9771030288295913,0.9771030288295913,0.984675271285081,0.5692347801222805,0.5692347801222805,Agglomerative
varied_variance_025,varied_variance,0.9607862529760806,0.9637947866457824,0.9728738339843069,0.0,0.777594892496614,Agglomerative
varied_variance_026,varied_variance,1.0,1.0,1.0,0.0,0.9772105302786303,KMeans
varied_variance_027,varied_variance,1.0,1.0,1.0,1.0,1.0,KMeans
varied_variance_028,varied_variance,1.0,1.0,1.0,1.0,1.0,KMeans
varied_variance_029,varied_variance,1.0,1.0,1.0,0.33225497658112246,1.0,KMeans
varied_variance_030,varied_variance,0.9875968785286451,0.9814394958770086,0.9876834343580703,0.0,0.9889325428025841,HDBSCAN
varied_variance_031,varied_variance,0.9961408777115578,0.9961408777115578,1.0,0.7126927283254347,0.9961653981009847,Agglomerative
varied_variance_032,varied_variance,0.9884788525000242,0.9733710316536035,1.0,0.0,0.9963797838641684,Agglomerative
varied_variance_033,varied_variance,0.9671442266521668,0.9593000339708891,1.0,0.2055384978743505,1.0,Agglomerative
varied_variance_034,varied_variance,0.9965893811628324,0.993167304774093,0.9965893335112811,0.0,1.0,HDBSCAN
varied_variance_035,varied_variance,1.0,1.0,1.0,0.0,1.0,KMeans
varied_variance_036,varied_variance,1.0,1.0,1.0,0.3733480176211454,1.0,KMeans
varied_variance_037,varied_variance,1.0,1.0,1.0,0.0,1.0,KMeans
varied_variance_038,varied_variance,0.8485969021989883,0.8297176835072482,0.8613353059497945,0.10172395818011991,0.7551931444022542,Agglomerative
varied_variance_039,varied_variance,0.963904008067847,0.9461388712153054,1.0,0.1387572167991562,0.48878548749733564,Agglomerative
varied_variance_040,varied_variance,1.0,1.0,1.0,0.5712603062426383,1.0,KMeans
varied_variance_041,varied_variance,0.8482585138896915,0.8099102083639389,0.824449305727408,0.1417958710447041,0.9588771737137343,HDBSCAN
varied_variance_042,varied_variance,0.9775558287499868,0.9650416832144324,0.977609728844143,0.0,0.8911429715053357,Agglomerative
varied_variance_043,varied_variance,0.9908770525935255,0.9908770525935255,1.0,0.0,1.0,Agglomerative
varied_variance_044,varied_variance,1.0,1.0,1.0,0.0,1.0,KMeans
varied_variance_045,varied_variance,1.0,1.0,1.0,1.0,1.0,KMeans
varied_variance_046,varied_variance,0.9343490870190934,0.9192233008954164,0.944486560580121,0.0,0.9192621054714807,Agglomerative
varied_variance_047,varied_variance,1.0,1.0,1.0,1.0,1.0,KMeans
varied_variance_048,varied_variance,1.0,1.0,1.0,1.0,1.0,KMeans
varied_variance_049,varied_variance,1.0,1.0,1.0,0.6813417003329632,1.0,KMeans
varied_variance_050,varied_variance,0.7896309106924534,0.7962498991288368,0.8238115741871789,0.0,0.7453891807519275,Agglomerative
varied_variance_051,varied_variance,0.7836878443446446,0.7449725851313093,0.8345573282096902,0.0,0.7295034729164295,Agglomerative
varied_variance_052,varied_variance,0.9832735153349587,0.9865717374744071,0.9830856574513467,0.0,0.6554901563208647,KMedoids
varied_variance_053,varied_variance,0.9768655066221954,0.9511028121219538,0.9952331936383341,0.10273814229986052,0.9888381936945122,Agglomerative
varied_variance_054,varied_variance,0.9899831669528851,1.0,1.0,0.0,1.0,KMedoids
varied_variance_055,varied_variance,1.0,1.0,1.0,1.0,1.0,KMeans
varied_variance_056,varied_variance,1.0,1.0,1.0,1.0,1.0,KMeans
varied_variance_057,varied_variance,0.8967003761581643,0.8891791188107402,0.8757910743963071,0.32926829268292684,0.32926829268292684,KMeans
varied_variance_058,varied_variance,1.0,1.0,1.0,0.48215827240326903,1.0,KMeans
varied_variance_059,varied_variance,1.0,1.0,0.9034964237882199,0.2064516129032258,0.9580545427822496,KMeans
varied_variance_060,varied_variance,1.0,1.0,1.0,0.0,0.9953507139657268,KMeans
varied_variance_061,varied_variance,0.884220597461619,0.8570746681523898,0.9180312825650547,0.0,0.512236309110816,Agglomerative
varied_variance_062,varied_variance,0.6557407045976131,0.6341724924366127,0.610397608233702,0.0,0.7794912390804739,HDBSCAN
varied_variance_063,varied_variance,0.8559902861779448,0.9045122672501903,0.7781972717535721,0.0,0.8153881901207094,KMedoids
varied_variance_064,varied_variance,0.9337864153297659,0.933802923701082,0.8802533213240261,0.7141463414634146,0.7135874877810362,KMedoids
varied_variance_065,varied_variance,1.0,1.0,1.0,1.0,1.0,KMeans
varied_variance_066,varied_variance,0.8340442443977834,0.864299272018141,0.8462695745498868,0.3174356781802675,0.7124297191849484,KMedoids
varied_variance_067,varied_variance,1.0,1.0,1.0,1.0,1.0,KMeans
varied_variance_068,varied_variance,0.9827890572475599,0.9664539792480565,0.9941958927129866,0.7259523420184466,0.7205319147581393,Agglomerative
varied_variance_069,varied_variance,0.7376412007175903,0.6960735693128282,0.716700601930179,0.0,0.0,KMeans
varied_variance_070,varied_variance,0.7527715402641323,0.7673193098411789,0.7531790007970905,0.0,0.7626131767294418,KMedoids
varied_variance_071,varied_variance,0.5063916952724037,0.514761660067915,0.47305953666500866,0.0,0.3427908361418348,KMedoids
varied_variance_072,varied_variance,1.0,1.0,1.0,1.0,1.0,KMeans
varied_variance_073,varied_variance,0.7870777679884828,0.7883944830423,0.7210597882170857,0.33580918106689167,0.6916342868121292,KMedoids
varied_variance_074,varied_variance,0.9018152913513493,0.901812970555271,0.8925021759687156,0.7130028684692353,0.7130028684692353,KMeans
varied_variance_075,varied_variance,1.0,1.0,1.0,0.32087511394712853,0.7934076116616916,KMeans
varied_variance_076,varied_variance,0.8745236283237778,0.8608047812653398,0.8080535274093203,0.10138248847926268,0.7118671992274223,KMeans
varied_variance_077,varied_variance,0.9947402547957025,1.0,0.9947402547957025,0.0,1.0,KMedoids
varied_variance_078,varied_variance,0.8930834026457487,0.8875082777859857,0.9437123460368553,0.14281477646096863,0.7450161073174698,Agglomerative
varied_variance_079,varied_variance,1.0,1.0,1.0,0.0,1.0,KMeans
varied_variance_080,varied_variance,1.0,1.0,1.0,0.6120063569097216,1.0,KMeans
varied_variance_081,varied_variance,1.0,1.0,1.0,0.0,1.0,KMeans
varied_variance_082,varied_variance,1.0,1.0,1.0,1.0,0.9945264550397724,KMeans
varied_variance_083,varied_variance,0.5873666596119125,0.5707379437920618,0.5810618684423996,0.10033578282431442,0.35060805840284315,KMeans
varied_variance_084,varied_variance,1.0,1.0,1.0,0.41333333333333333,1.0,KMeans
varied_variance_085,varied_variance,1.0,1.0,1.0,1.0,1.0,KMeans
varied_variance_086,varied_variance,1.0,0.9853256679412346,0.9853256679412346,0.8222304757402843,0.831499970348473,KMeans
varied_variance_087,varied_variance,0.9314670019250465,0.9233903227758318,0.9069834892835673,0.0,0.6330981174417155,KMeans
varied_variance_088,varied_variance,1.0,1.0,1.0,1.0,1.0,KMeans
varied_variance_089,varied_variance,1.0,0.9948348563600056,1.0,0.613725457763369,0.7815890132982609,KMeans
varied_variance_090,varied_variance,1.0,1.0,1.0,1.0,1.0,KMeans
varied_variance_091,varied_variance,1.0,1.0,0.9959037089312318,0.7125949701704432,1.0,KMeans
varied_variance_092,varied_variance,1.0,1.0,1.0,0.5701454989204919,1.0,KMeans
varied_variance_093,varied_variance,0.8140066968798391,0.8109627810742832,0.7855745179057125,0.0,0.7254955478595807,KMeans
varied_variance_094,varied_variance,0.9736319938295235,0.9416706690729247,0.9768875136681431,0.0,0.5721112575126763,Agglomerative
varied_variance_095,varied_variance,0.9691772700580502,0.9349922671620666,0.9936710511887623,0.48083539730743885,0.8279908544683766,Agglomerative
varied_variance_096,varied_variance,1.0,1.0,1.0,0.0,1.0,KMeans
varied_variance_097,varied_variance,0.9201209107943603,0.9197171414751986,0.961687088846637,0.33241968727406146,0.7635730621039669,Agglomerative
varied_variance_098,varied_variance,1.0,1.0,1.0,1.0,1.0,KMeans
varied_variance_099,varied_variance,1.0,1.0,1.0,1.0,1.0,KMeans
moons_000,moons,0.4873887410096634,0.5037609539511763,0.7542174260417868,1.0,1.0,DBSCAN
moons_001,moons,0.4479748116123826,0.45167332822241907,0.5490975332529717,0.0,0.9935999868152154,HDBSCAN
moons_002,moons,0.5100260772274632,0.5287667700846626,0.7272434272315449,0.0,0.843370973198114,HDBSCAN
moons_003,moons,0.4873785731379183,0.49410046199059876,0.6304224910307075,1.0,1.0,DBSCAN
moons_004,moons,0.4800612501537363,0.4930562524575184,0.7323758875902613,0.0,0.9367213928066339,HDBSCAN
moons_005,moons,0.5134605894271976,0.5338065578588731,0.5900168168934986,1.0,1.0,DBSCAN
moons_006,moons,0.4837758712616936,0.5314606930092818,0.5968203137005946,0.0,0.9931506654661709,HDBSCAN
moons_007,moons,0.4726290944242629,0.5029773819513917,0.5796387115853808,1.0,0.9913231702940964,DBSCAN
moons_008,moons,0.46063332328314804,0.5131831576157403,0.6109885567971957,0.0,0.9948783527649842,HDBSCAN
moons_009,moons,0.4923284714320144,0.5471543430641287,0.5342954764270705,0.9883211931376198,0.9880775231507194,DBSCAN
moons_010,moons,0.47231377609562547,0.49163343565933754,0.5314250764037791,0.0,0.4969612090159044,Agglomerative
moons_011,moons,0.4952466623155758,0.512426418506692,0.5841301171929503,0.0,0.9873416820073849,HDBSCAN
moons_012,moons,0.4774756357043521,0.5031258629535392,0.6861747721028094,0.0,0.730429493434541,HDBSCAN
moons_013,moons,0.4346132630891673,0.47149743955281276,0.3998575400668562,0.7544975149186319,0.9685021081266214,HDBSCAN
moons_014,moons,0.4805754002389823,0.4871571494185445,0.5983601009708543,0.9724286914605256,0.9903845622174612,HDBSCAN
moons_015,moons,0.4883979317725429,0.553596429417237,0.5568296834007999,1.0,1.0,DBSCAN
moons_016,moons,0.5075696623683651,0.5502741892006067,0.5076675149198534,0.0,0.8189492756976388,HDBSCAN
moons_017,moons,0.514260407453344,0.5100842914164624,0.46930394151066224,0.0,0.6837721244717863,HDBSCAN
moons_018,moons,0.5017753427736618,0.5189996329294152,0.4390337118026304,0.0,0.9797983385719834,HDBSCAN
moons_019,moons,0.4739466209713387,0.4527361035346873,0.6115638084151631,1.0,0.9842517263462819,DBSCAN
moons_020,moons,0.46505364944017036,0.49193293594207393,0.4357883538729169,0.0,0.9646041068575261,HDBSCAN
moons_021,moons,0.4829602876410309,0.49533201014126693,0.6452808279703466,0.0,0.9073329714980783,HDBSCAN
moons_022,moons,0.48487125867892367,0.4791154833455858,0.6339702971323304,1.0,1.0,DBSCAN
moons_023,moons,0.4463986269114392,0.4856192364824624,0.3130867831500279,0.0,0.9422784164394679,HDBSCAN
moons_024,moons,0.48946693944241687,0.47025807292675414,0.5984956683630338,0.803615717446902,1.0,HDBSCAN
moons_025,moons,0.5094809563432379,0.48451586372694777,0.5836647789069078,1.0,1.0,DBSCAN
moons_026,moons,0.4763246200687249,0.5264767626183529,0.624944297116169,0.0,0.993558761354401,HDBSCAN
moons_027,moons,0.42835779654180267,0.4682739515114261,0.3682900265487505,0.0,0.7213381315820986,HDBSCAN
moons_028,moons,0.4730668899698518,0.5236753609011475,0.6739375705152313,1.0,1.0,DBSCAN
moons_029,moons,0.4736019221137118,0.5251084351472346,0.5823758868565233,0.0,0.9959183631749448,HDBSCAN
moons_030,moons,0.4553573507336858,0.4679907825201821,0.5337471618219435,0.0,0.6314106955016586,HDBSCAN
moons_031,moons,0.4456530136929787,0.3986690131139149,0.13708135760801649,0.0,0.06322828164645221,KMeans
moons_032,moons,0.4898840125903149,0.5116776963181019,0.5916746174723021,1.0,1.0,DBSCAN
moons_033,moons,0.452898255342642,0.47490276400772446,0.3925647996188848,0.0,0.9955307207274607,HDBSCAN
moons_034,moons,0.40809324527247187,0.41545662602006006,0.38643098415891447,0.0,0.22126124318625384,KMedoids
moons_035,moons,0.4927481602123206,0.5217022342583806,0.49596567966864497,0.0,0.7197961321903762,HDBSCAN
moons_036,moons,0.5109202454193872,0.5046765194246602,0.5236301597668203,1.0,0.9912087487441069,DBSCAN
moons_037,moons,0.47081101000001147,0.49352319669584566,0.5453790919381175,0.0,0.6426111547364183,HDBSCAN
moons_038,moons,0.44218116655122836,0.4604432913094067,0.5306085580963515,0.0,0.7112611434845202,HDBSCAN
moons_039,moons,0.4871886839794724,0.5139171794659037,0.5581946553411903,0.0,1.0,HDBSCAN
moons_040,moons,0.4762146043601348,0.5271805752534474,0.5723502706234498,1.0,1.0,DBSCAN
moons_041,moons,0.4544345065302591,0.45917430189117925,0.4084290626838184,0.0,0.9174630038563659,HDBSCAN
moons_042,moons,0.4783165088757612,0.5042617280227342,0.46704640020475896,0.0,0.9822421962581899,HDBSCAN
moons_043,moons,0.4485029062801356,0.5090167377591689,0.665032710428782,0.0,0.9892472534060531,HDBSCAN
moons_044,moons,0.4547722817669654,0.47614443836313913,0.5385871003449619,0.0,0.4455959199088315,Agglomerative
moons_045,moons,0.4937087530293072,0.5213495569037406,0.49378076100001844,1.0,1.0,DBSCAN
moons_046,moons,0.44719656726178214,0.42525345498276707,0.07971502840088572,0.0,0.6176694705225233,HDBSCAN
moons_047,moons,0.45248514933064965,0.4811202874302051,0.3136489366020677,0.0,0.4959295936434304,HDBSCAN
moons_048,moons,0.4914049828714431,0.5175570799578794,0.5242659464662485,0.0,0.9605288412547593,HDBSCAN
moons_049,moons,0.4698270810724804,0.5233776549818684,0.40525476512305064,1.0,1.0,DBSCAN
moons_050,moons,0.44535550810858227,0.4674777497689514,0.4454682816873498,0.0,0.42082276697661314,KMedoids
moons_051,moons,0.4501280183810071,0.4819477256397097,0.3371052483119331,0.0,0.36094753904752047,KMedoids
moons_052,moons,0.48989251059551575,0.49323358319388466,0.6098468942187505,0.0,0.985239964993322,HDBSCAN
moons_053,moons,0.5094459953119668,0.48421741538151736,0.45963858454000905,0.7970798019635814,0.8667543559343411,HDBSCAN
moons_054,moons,0.4641201400892305,0.5049948100794335,0.24669999963318237,0.0,0.740525166181133,HDBSCAN
moons_055,moons,0.466315585256422,0.5181312720158706,0.3028220896172318,1.0,1.0,DBSCAN
moons_056,moons,0.472065230800696,0.4757600675525365,0.5019934087676894,1.0,1.0,DBSCAN
moons_057,moons,0.3798631537225942,0.35857386107322875,0.3178055044914669,0.0,0.0,KMeans
moons_058,moons,0.4731186791272628,0.47313566317014355,0.6840010211250404,1.0,1.0,DBSCAN
moons_059,moons,0.391154106721893,0.4225560814321304,0.5879913915765672,0.0,0.46402547381051257,Agglomerative
moons_060,moons,0.45634893387404296,0.45634893387404296,0.3048273719367742,0.0,0.596537592361127,HDBSCAN
moons_061,moons,0.48250461229437364,0.5396383985175495,0.4865462961898038,1.0,1.0,DBSCAN
moons_062,moons,0.4441221401708395,0.5241785717521085,0.6565892179470267,1.0,1.0,DBSCAN
moons_063,moons,0.45209421153064805,0.48473778397965234,0.4764784598235578,0.0,0.42801940331875915,KMedoids
moons_064,moons,0.4962483708179039,0.5031314975203361,0.5381564611914958,1.0,1.0,DBSCAN
moons_065,moons,0.4678916952873582,0.5464674188876684,0.6471743497370634,1.0,1.0,DBSCAN
moons_066,moons,0.4886181148383684,0.503040979837612,0.14381463503836647,0.0,1.0,HDBSCAN
moons_067,moons,0.48026393660885996,0.48865320781058735,0.701408394448328,1.0,1.0,DBSCAN
moons_068,moons,0.4713809764004607,0.507092321538459,0.6393693890956864,1.0,0.9927272487729445,DBSCAN
moons_069,moons,0.5113673433064296,0.5159067941557637,0.18199340957089424,0.0,0.8581160012521482,HDBSCAN
moons_070,moons,0.4278382839473248,0.42139162973677347,0.4541215081483546,0.0,0.38306936025076294,Agglomerative
moons_071,moons,0.4788779566434285,0.46712809836777974,0.5784943814105024,1.0,1.0,DBSCAN
moons_072,moons,0.5276271619144874,0.5276415608365815,0.21575856577270205,0.0,0.9529369667978681,HDBSCAN
moons_073,moons,0.4347931129306803,0.45784624333241974,0.3905121342454192,0.0,0.496225847814948,HDBSCAN
moons_074,moons,0.4647035288067439,0.47336870137441356,0.4532826129237379,0.0,0.25067467539738314,KMedoids
moons_075,moons,0.47529649214207675,0.49118472361033866,0.5404157799570789,1.0,1.0,DBSCAN
moons_076,moons,0.49713327872911867,0.5226940352892125,0.4972978348121249,0.0,0.9425911823533026,HDBSCAN
moons_077,moons,0.4576976421636616,0.4747537960510211,0.4923224568138196,0.0,0.9636338431011989,HDBSCAN
moons_078,moons,0.4743164293376397,0.4902297289132306,0.6268557152798048,1.0,1.0,DBSCAN
moons_079,moons,0.47476199991046675,0.4563023581467843,0.7171098836100033,0.0,0.9809977524147289,HDBSCAN
moons_080,moons,0.46754647381217684,0.4676176093786904,0.6047511252853466,0.8266919948059268,1.0,HDBSCAN
moons_081,moons,0.46559844469794176,0.5083873318540411,0.5366340730472922,1.0,1.0,DBSCAN
moons_082,moons,0.4064197863226067,0.4427667115880997,0.3144785899360483,0.0,0.5169061129032678,HDBSCAN
moons_083,moons,0.49053407885196787,0.5133692407808069,0.6149289867117321,0.0,0.44514515363140533,Agglomerative
moons_084,moons,0.44104364245244504,0.4541735771835712,0.487864916351709,0.0,0.0026894996794132125,Agglomerative
moons_085,moons,0.42632601451527724,0.4292189198502938,0.47684223633688977,0.0,0.334842761309999,Agglomerative
moons_086,moons,0.491233442651246,0.4713132090715426,0.6577003718872331,1.0,1.0,DBSCAN
moons_087,moons,0.47429199681540735,0.4742914817558573,0.47435238614909037,0.0,0.30779793691922375,Agglomerative
moons_088,moons,0.4785205040723699,0.5109744757077866,0.51699144846676,0.0,0.8691547351369999,HDBSCAN
moons_089,moons,0.45322164599385945,0.4979542560002158,0.49097305812178815,0.0,0.9588373221353169,HDBSCAN
moons_090,moons,0.46850805607867757,0.3858077316551446,0.5830339070051234,0.0,0.5842818050302407,HDBSCAN
moons_091,moons,0.5011838951304389,0.49355999212062357,0.5563334988238446,1.0,1.0,DBSCAN
moons_092,moons,0.47622266100567673,0.4762222435097498,0.40276983281994966,0.0,0.27924789702012226,KMeans
moons_093,moons,0.45182863267729306,0.4913507211648711,0.5158715030131226,0.0,0.8427916591334222,HDBSCAN
moons_094,moons,0.49110043153171884,0.5160893643833099,0.7232206431935376,0.0,0.9851577514845793,HDBSCAN
moons_095,moons,0.4437675070028011,0.49280219285521354,0.5443900926314947,0.0,0.827875765966195,HDBSCAN
moons_096,moons,0.4514847597549103,0.5087106320278476,0.6855298122135267,1.0,0.9953863837690904,DBSCAN
moons_097,moons,0.4904574337072762,0.49727700194211355,0.5751679667644063,1.0,1.0,DBSCAN
moons_098,moons,0.5026568751389552,0.5280199320640193,0.26470242798447774,0.0,1.0,HDBSCAN
moons_099,moons,0.45840494344438926,0.5127731013499894,0.1577142114276217,0.0,0.9861592623411342,HDBSCAN
circles_000,circles,-0.002961853806402133,-0.003333183189946399,-0.002897756840404262,0.0,0.906010093850336,HDBSCAN
circles_001,circles,-0.0010988692854642114,-0.0010892510227385878,0.02024678896257515,0.0,0.11163227266770853,HDBSCAN
circles_002,circles,-0.0022513403131585894,-0.0011184374486196188,0.010966974973519238,1.0,1.0,DBSCAN
circles_003,circles,-0.0014389690276344442,-0.0015917506135669601,-0.0006987553257194301,0.0,0.7573033832390158,HDBSCAN
circles_004,circles,-0.004326749729578142,-0.004586360225584182,-0.004225365653561677,0.6843711596321191,0.0,DBSCAN
circles_005,circles,-0.0009211593207900048,-0.0015873354071675118,0.0029828597422063468,0.0,-0.007068562884220804,Agglomerative
circles_006,circles,-0.00111825508415065,-0.001086448200607941,-0.0003244458539549936,0.0,0.7427344913500045,HDBSCAN
circles_007,circles,-0.0014248518227288362,-0.0015194684122872113,-0.0014702305394897262,1.0,1.0,DBSCAN
circles_008,circles,-0.0016419588945878,-0.0015715890389530083,-0.0008364830534729537,1.0,1.0,DBSCAN
circles_009,circles,-0.0014703797799466346,-0.0014871476067331987,0.00038676236610570746,0.0,0.9936305122053589,HDBSCAN
circles_010,circles,-0.0006214799134270934,-0.0006202418776291728,0.00039379269876417387,0.0,0.01677216838892722,HDBSCAN
circles_011,circles,-0.001059322033898305,-0.0009241778971326334,-0.0009868817658102867,0.0,0.9955257181304464,HDBSCAN
circles_012,circles,-0.006342270039575425,-0.006273829713979674,-0.0061027696204468285,0.0,0.0,DBSCAN
circles_013,circles,-0.003649236742030961,-0.0028322349345285963,-0.002654750321332901,0.0,0.0,DBSCAN
circles_014,circles,-0.002363763757459338,-0.003890200493434487,-0.003539277045840132,0.0,-0.038145753875620095,DBSCAN
circles_015,circles,-0.0007184709271344867,0.00011661726463810605,0.003435612194606773,0.0,-0.05729373635028361,Agglomerative
circles_016,circles,-0.0008770922965054589,-0.0010841624452666706,0.004582530989401584,1.0,1.0,DBSCAN
circles_017,circles,-0.004287351018440275,-0.005730292614731138,0.01652159938620729,0.5977255286766983,0.0,DBSCAN
circles_018,circles,-0.0010160252956361274,-0.0009666864475306256,0.004829185073845697,1.0,1.0,DBSCAN
circles_019,circles,-0.0022688141349761423,-0.001563073699070468,0.0059002391235973605,0.0,0.0369138997976913,HDBSCAN
circles_020,circles,-0.0007847547281749084,-0.0016901539401506197,-0.001237414523073824,0.0,0.0,DBSCAN
circles_021,circles,-0.001075148437743782,-0.0009682604264751385,0.03793846886616734,0.0,0.04527722993564314,HDBSCAN
circles_022,circles,-0.0013572181807958634,-0.001357196048788243,0.002241352387959732,0.0,0.8555447188898685,HDBSCAN
circles_023,circles,-0.0017055920854195572,-0.0018091529006384734,0.007867011884776218,0.0,0.833406819602236,HDBSCAN
circles_024,circles,-0.0023695601357527946,-0.002299467132071697,0.0059323034611232835,0.617582969986791,1.0,HDBSCAN
circles_025,circles,-0.009789276753730803,-0.009397535322333287,0.008527393162857982,0.6611452541939121,0.0,DBSCAN
circles_026,circles,-0.0011778505116403191,-0.0013714574968208524,0.00876920557118287,1.0,1.0,DBSCAN
circles_027,circles,-0.000498652051202412,-0.0015813515606927103,0.016976230300612273,0.0,-0.043425971825956436,Agglomerative
circles_028,circles,-0.0011873098527282403,-0.0010471924941733851,9.297507236432396e-05,0.0,0.0037446767772020798,HDBSCAN
circles_029,circles,-0.0028895956697542404,-0.0024863340916383477,-0.002750755372863105,0.6548123609347914,1.0,HDBSCAN
circles_030,circles,-0.0009734698111737517,-0.001015418242563039,0.003981415196406748,0.0,0.15543917850382188,HDBSCAN
circles_031,circles,-0.001280426329394479,-0.001308716949384872,0.0010741156411878726,1.0,1.0,DBSCAN
circles_032,circles,-0.0009668032837632025,-0.0018796266303717946,0.028169453549152047,0.0,0.032982575844199606,HDBSCAN
circles_033,circles,-0.001003915162504435,-0.0010040112252547417,0.002600453051003691,0.0,0.024146745992488887,HDBSCAN
circles_034,circles,-0.0016919556530351333,0.0008546795485867518,0.00021731122400821693,0.0,-0.015265345124446729,KMedoids
circles_035,circles,-0.0010452708193055818,3.758593099998581e-05,0.007746026111968711,0.0,-0.016494327906295618,Agglomerative
circles_036,circles,-0.000999402813533568,-0.0009825870085249306,-0.0004310391249331699,0.0,-0.02039600227208183,DBSCAN
circles_037,circles,-0.00504947959444996,-0.0007407067321671794,-0.0016982864137086904,0.002539192435237897,0.0,DBSCAN
circles_038,circles,-0.002727425883681433,0.007298140180746204,-0.0074245031364087435,0.0,0.0,KMedoids
circles_039,circles,-0.0013776253705647344,-0.0008475127754742156,0.006187820554584586,0.0,0.0030814921632246655,Agglomerative
circles_040,circles,-0.004308686619989228,-0.004310018903591682,-0.0036971249447819068,0.0,0.0,DBSCAN
circles_041,circles,-0.004949492449751288,-0.004630218844505858,-0.004575424817589024,0.0,0.0,DBSCAN
circles_042,circles,-0.003966760156825401,-0.003966760156825401,0.007726546784456467,0.0,0.0,Agglomerative
circles_043,circles,-0.005616505758625321,-0.005610535338580223,0.010503009601797973,0.6479831582203694,0.0,DBSCAN
circles_044,circles,-0.0021724501724054456,-0.00231781178583205,0.013393007409543023,0.7520833392010601,1.0,HDBSCAN
circles_045,circles,-0.0008073163667299422,-0.0012392253795146498,0.0020693317489575004,0.0,-0.01063328647104053,Agglomerative
circles_046,circles,-0.0015288959013062705,-0.0016233595936854031,0.012815440492940268,0.7999215367496552,1.0,HDBSCAN
circles_047,circles,-0.005372634251281351,-0.005372634251281351,-0.003041693213321952,0.0,0.0,DBSCAN
circles_048,circles,-0.0011160714285714285,-0.001086098860063927,0.0035519328267372852,0.0,0.5039399551102631,HDBSCAN
circles_049,circles,-0.0038755049504675893,-0.0031548497320804535,0.0032731901014296243,0.0,0.0,Agglomerative
circles_050,circles,-0.002537940598239266,-0.002537288259995721,0.00214984917220396,1.0,1.0,DBSCAN
circles_051,circles,0.0009240936591647178,-0.0009959057692810046,0.003331675037202426,0.0,0.7308420555396552,HDBSCAN
circles_052,circles,-0.0006223284421852267,-0.0009613980476054494,0.0020302022000477393,0.0,0.24442473763475606,HDBSCAN
circles_053,circles,-0.002053791524904493,-0.00215290995798457,-0.002031379165385299,0.0,-0.0015021098270587695,DBSCAN
circles_054,circles,-0.0023417737661054912,0.0018251636085747447,0.02965810758297985,0.0,0.07071844963844397,HDBSCAN
circles_055,circles,-0.0010660842157165875,-0.0012181183752086543,0.006692810157210291,0.0,1.0,HDBSCAN
circles_056,circles,-0.0010216989437529785,-0.0010497475643435235,-0.0007907579318937744,0.0,1.0,HDBSCAN
circles_057,circles,-0.002016800416492737,-0.0033982230932835377,-0.0007394356839467419,0.0,0.008732303068551732,HDBSCAN
circles_058,circles,-0.0015327721648574861,-0.0011908025013145733,-0.0013641176577879022,0.0,0.4461035760044874,HDBSCAN
circles_059,circles,-0.0015193868569654267,-0.0014918148873813643,-9.754664503207897e-05,0.8446578118727612,1.0,HDBSCAN
circles_060,circles,-0.006391307821362946,-0.00503315490932332,-0.0037278285731403293,0.0,0.0,DBSCAN
circles_061,circles,-0.003028538199170044,-0.0028842630613305086,0.002246804527566242,0.0,0.6082569684344624,HDBSCAN
circles_062,circles,-0.0009416653980747973,-0.0008487488771247537,0.0199129960687974,0.0,0.7577358667949546,HDBSCAN
circles_063,circles,-0.0012983053285990354,-0.00129819698550029,0.00945190393814814,0.0,0.8357543869691483,HDBSCAN
circles_064,circles,-0.001136334019651281,-0.001094420059368456,0.001852770220283369,0.0,1.0,HDBSCAN
circles_065,circles,-0.0026681113620092944,-0.002792950274863689,-0.0027242222410159074,0.9729365899620966,0.7994283158362749,DBSCAN
circles_066,circles,-0.0006734277796003309,-0.0025102946365916133,0.008453484501274202,0.0,-0.03463828788946043,Agglomerative
circles_067,circles,-0.0014447641793003147,-0.0014107402858216601,-0.0012912198223604366,1.0,1.0,DBSCAN
circles_068,circles,-0.005668707811141392,-0.0056532586120021135,-0.004568594980383,0.0,0.0,DBSCAN
circles_069,circles,-0.006920393534697562,-0.00734346938967401,0.001992724675007285,0.7774287880428896,0.0,DBSCAN
circles_070,circles,-0.0009259802964567034,-0.0011467769392637247,0.008358632483480429,0.0,0.06936853402250535,HDBSCAN
circles_071,circles,-0.0026266262955414433,-0.003074655314179738,-0.0013364483379189373,0.0,-0.006142198924049447,DBSCAN
circles_072,circles,-0.00011973782152139012,0.001094278520092495,-0.0005411925023621862,0.0,-0.015390902409174172,KMedoids
circles_073,circles,-0.0016329383389973187,-0.0017290519693328522,0.004140165783058841,1.0,1.0,DBSCAN
circles_074,circles,-0.0011192234049551676,-0.0012619767645155504,0.004874308871193467,0.0,0.004839336932049095,Agglomerative
circles_075,circles,-0.0010211255959847888,-0.0008997317787208373,0.008462394642003095,1.0,1.0,DBSCAN
circles_076,circles,-0.0012285012285012285,-0.0011078971566873038,0.0033361876553288784,1.0,1.0,DBSCAN
circles_077,circles,-0.0038783239880371863,0.002842046466947552,-0.0025417492844219155,0.0,0.0,KMedoids
circles_078,circles,-0.0018617503837852626,-0.0014953599963711426,0.01232446635307653,0.0,-0.010266979100467932,Agglomerative
circles_079,circles,-0.0015828046526594971,-0.001775818193069288,-0.0015694053470631992,0.0,0.11489721894795014,HDBSCAN
circles_080,circles,-0.0015362605347411522,-0.0013638362972081125,0.0015200279251903607,0.0,0.9927363810968524,HDBSCAN
circles_081,circles,0.0017810833198787506,0.00025411090503726,0.013013292553309987,0.0,0.18906241353298053,HDBSCAN
circles_082,circles,-0.0037313432835820895,-0.003620372433025585,-0.0035570306734597993,0.6980426556843271,1.0,HDBSCAN
circles_083,circles,-0.0008124326104531936,-0.0010674148003199152,0.002181140870811068,1.0,1.0,DBSCAN
circles_084,circles,-0.0011097482843809548,-0.0009403150628585687,-0.00044606441433703504,0.0,0.12474701323689358,HDBSCAN
circles_085,circles,-0.004460033947616824,-0.004460033947616824,-0.003932841875066135,0.0,0.0,DBSCAN
circles_086,circles,-0.0009428363603896151,-0.0009333651976334692,-0.0007825792901282935,0.0,-0.00993092715955007,DBSCAN
circles_087,circles,-0.0011429688458505234,-0.0011782019921808481,0.0017637726590503263,1.0,1.0,DBSCAN
circles_088,circles,-0.003195912641825284,-0.003194454871967508,0.015092590619472799,1.0,0.0,DBSCAN
circles_089,circles,-0.0017112090456606573,-0.0017481433725529093,0.0007919025515147888,1.0,1.0,DBSCAN
circles_090,circles,-0.001742076116165853,-0.001693093527706385,0.00142019380331765,1.0,1.0,DBSCAN
circles_091,circles,-0.0010350426838996115,-0.0009906404404505021,-0.0009034005785072437,1.0,1.0,DBSCAN
circles_092,circles,-0.0020047205939005127,-0.0020987481453745268,0.00010657429792959057,0.6816674481866901,1.0,HDBSCAN
circles_093,circles,-0.0010077387990587417,-0.0011732438005650464,0.0024810104675133493,0.0,0.038707384952191545,HDBSCAN
circles_094,circles,-0.004316614604821124,-0.004872985870816367,-0.004659820713574821,0.008027716748352206,0.0,DBSCAN
circles_095,circles,-0.0029583686625082465,-0.0029583686625082465,0.0030676717570005127,1.0,1.0,DBSCAN
circles_096,circles,-0.007134172456115641,-0.006734674519475368,-0.006433815606097614,1.0,0.0,DBSCAN
circles_097,circles,-0.0011110064158489639,-0.001213812551507269,0.0031797295038598593,0.0,0.833352425541002,HDBSCAN
circles_098,circles,-0.0012586497584741562,-0.00019113832932935373,0.00240627951081762,0.0,0.7473114547203932,HDBSCAN
circles_099,circles,0.0009510223490252021,0.0027053603992484086,-0.005199346763536479,0.0,0.0,KMedoids
